cell_id,sample_id,trd_sequence,TRDV,TRDJ,trg_sequence,TRGV,TRGJ
cell_1,ERR315325_TCR,CACDNWGSSSWDTRQMFF,TRDV2*00,TRDJ3*00,NA,NA,NA
cell_2,ERR315326_TCR,CALGELYGPVSWGYVVTDKLIF,TRDV1*00,TRDJ1*00,NA,NA,NA
cell_3,ERR315326_TCR,NA,NA,NA,CAAWDRREGRYKKLF,TRGV10*00,TRGJ2*00
cell_4,ERR315326_TCR,NA,NA,NA,CALWEVQKLF,TRGV9*00,TRGJ2*00
cell_5,ERR315327_TCR,NA,NA,NA,CAAWERPGYKKLF,TRGV10*00,TRGJ1*00
cell_6,ERR315328_TCR,NA,NA,NA,CATWGRLNYKKLF,TRGV5P*00,TRGJ1*00
cell_7,ERR315329_TCR,CALGELGSARQLTF,TRDV1*00,TRAJ22*00,NA,NA,NA
cell_8,ERR315329_TCR,CALGELVLGHKLIF,TRDV1*00,TRDJ1*00,NA,NA,NA
cell_9,ERR315329_TCR,CALGERVLGVEYTDKLIF,TRDV1*00,TRDJ1*00,NA,NA,NA
cell_10,ERR315329_TCR,CALGEQGSLLLWGIPPAYTDKLIF,TRDV1*00,TRDJ1*00,NA,NA,NA
cell_11,ERR315329_TCR,CAFESPITAGDKLIF,TRDV3*00,TRDJ1*00,NA,NA,NA
cell_12,ERR315329_TCR,NA,NA,NA,CATWDGPANYYKKLF,TRGV2*00,TRGJ2*00
cell_13,ERR315329_TCR,NA,NA,NA,CAAWDFSDWIKTF,TRGV10*00,TRGJP2*00
cell_14,ERR315329_TCR,NA,NA,NA,CAAWDSFAYYKKLF,TRGV10*00,TRGJ2*00
cell_15,ERR315329_TCR,NA,NA,NA,CAAWDCKKLF,TRGV10*00,TRGJ2*00
cell_16,ERR315329_TCR,NA,NA,NA,CAAWDWDYKKLF,TRGV10*00,TRGJ2*00
cell_17,ERR315329_TCR,NA,NA,NA,CAAWDPTTGWFKIF,TRGV10*00,TRGJP1*00
cell_18,ERR315329_TCR,NA,NA,NA,CAAWDLTDYYKKLF,TRGV10*00,TRGJ2*00
cell_19,ERR315329_TCR,NA,NA,NA,CALWGTINYKKLF,TRGV9*00,TRGJ2*00
cell_20,ERR315329_TCR,NA,NA,NA,CALWEVQELGKKIKVF,TRGV9*00,TRGJP*00
cell_21,ERR315329_TCR,NA,NA,NA,CALWEGRIYKKLF,TRGV9*00,TRGJ1*00
cell_22,ERR315329_TCR,NA,NA,NA,CALKEEKKLF,TRGV9*00,TRGJ2*00
cell_23,ERR315329_TCR,NA,NA,NA,CAPGRELF,TRGV4*00,TRGJ1*00
cell_24,ERR315329_TCR,NA,NA,NA,CATWAVKPKKLF,TRGV3*00,TRGJ2*00
cell_25,ERR315329_TCR,NA,NA,NA,CATWDGHHYKKLF,TRGV2*00,TRGJ1*00
cell_26,ERR315329_TCR,NA,NA,NA,CATWDDLKKLF,TRGV2*00,TRGJ2*00
cell_27,ERR315329_TCR,NA,NA,NA,CATWDRPFYYKKLF,TRGV3*00,TRGJ2*00
cell_28,ERR315330_TCR,NA,NA,NA,CALWEAIYYKKLF,TRGV9*00,TRGJ1*00
cell_29,ERR315330_TCR,NA,NA,NA,CATWDGRGGIYYKKLF,TRGV4*00,TRGJ2*00
cell_30,ERR315331_TCR,NA,NA,NA,CALWATQELGKKIKVF,TRGV9*00,TRGJP*00
cell_31,ERR315333_TCR,CALGEFAWFLLGEHKLIF,TRDV1*00,TRDJ1*00,NA,NA,NA
cell_32,ERR315334_TCR,CALGERDGGATNKLIF,TRDV1*00,TRAJ32*00,NA,NA,NA
cell_33,ERR315334_TCR,NA,NA,NA,CAAWDFYKKLF,TRGV10*00,TRGJ1*00
cell_34,ERR315337_TCR,CALGEFVLGDTPYTDKLIF,TRDV1*00,TRDJ1*00,NA,NA,NA
cell_35,ERR315337_TCR,NA,NA,NA,CAAWAPYYKKLF,TRGV10*00,TRGJ2*00
cell_36,ERR315337_TCR,NA,NA,NA,CAAWDKWVGTGWFKIF,TRGV10*00,TRGJP1*00
cell_37,ERR315337_TCR,NA,NA,NA,CATWGRKLF,TRGV5P*00,TRGJ2*00
cell_38,ERR315337_TCR,NA,NA,NA,CATWDNHLGQPLSLNGKKLF,TRGV3*00,TRGJ1*00
cell_39,ERR315338_TCR,CALGGNRDDKIIF,TRDV1*00,TRAJ30*00,NA,NA,NA
cell_40,ERR315338_TCR,CALGELGPSGGYQKVTF,TRDV1*00,TRAJ13*00,NA,NA,NA
cell_41,ERR315338_TCR,CALGESNNQGGKLIF,TRDV1*00,TRAJ23*00,NA,NA,NA
cell_42,ERR315338_TCR,CALSLTGNQFYF,TRDV1*00,TRAJ49*00,NA,NA,NA
cell_43,ERR315338_TCR,CALGEKDLFLYWGIPDKLIF,TRDV1*00,TRDJ1*00,NA,NA,NA
cell_44,ERR315338_TCR,CACDTVLRGRTAQLFF,TRDV2*00,TRDJ2*00,NA,NA,NA
cell_45,ERR315338_TCR,CACDTITGDDKLIF,TRDV2*00,TRDJ1*00,NA,NA,NA
cell_46,ERR315338_TCR,CACDTLGGDKLIF,TRDV2*00,TRDJ1*00,NA,NA,NA
cell_47,ERR315338_TCR,CALGDFSLRLGNHIPHDKLIF,TRDV1*00,TRDJ1*00,NA,NA,NA
cell_48,ERR315338_TCR,CALGEVGSMILRLGDTIRYTDKLIF,TRDV1*00,TRDJ1*00,NA,NA,NA
cell_49,ERR315338_TCR,CALGENLLRLYWGITDKLIF,TRDV1*00,TRDJ1*00,NA,NA,NA
cell_50,ERR315338_TCR,CALGKGGHPLYWGIPDKLIF,TRDV1*00,TRDJ1*00,NA,NA,NA
cell_51,ERR315338_TCR,CACDLLDSSDTDKLIF,TRDV2*00,TRDJ1*00,NA,NA,NA
cell_52,ERR315338_TCR,CACDTLEVGETLTDKLIF,TRDV2*00,TRDJ1*00,NA,NA,NA
cell_53,ERR315338_TCR,CACDTVRDPVSSWDTRQMFF,TRDV2*00,TRDJ3*00,NA,NA,NA
cell_54,ERR315338_TCR,CACDSILGATYTDKLIF,TRDV2*00,TRDJ1*00,NA,NA,NA
cell_55,ERR315338_TCR,NA,NA,NA,CAAWDYSPNYYKKLF,TRGV10*00,TRGJ2*00
cell_56,ERR315338_TCR,NA,NA,NA,CAAWVYYKKLF,TRGV10*00,TRGJ1*00
cell_57,ERR315338_TCR,NA,NA,NA,CAAWDPGTKSLF,TRGV10*00,TRGJ2*00
cell_58,ERR315338_TCR,NA,NA,NA,CAAWEAYYKKLF,TRGV10*00,TRGJ2*00
cell_59,ERR315338_TCR,NA,NA,NA,CAAWEDKKLF,TRGV10*00,TRGJ1*00
cell_60,ERR315338_TCR,NA,NA,NA,CALWELQELGKKIKVF,TRGV9*00,TRGJP*00
cell_61,ERR315338_TCR,NA,NA,NA,CALWEVLHSYYKKLF,TRGV9*00,TRGJ2*00
cell_62,ERR315338_TCR,NA,NA,NA,CATWDRRDYYKKLF,TRGV8*00,TRGJ2*00
cell_63,ERR315338_TCR,NA,NA,NA,CATWDGENYYKKLF,TRGV2*00,TRGJ1*00
cell_64,ERR315338_TCR,NA,NA,NA,CATWDGPGFWHKKLF,TRGV2*00,TRGJ2*00
cell_65,ERR315338_TCR,NA,NA,NA,CATWDGRIYYKKLF,TRGV2*00,TRGJ2*00
cell_66,ERR315338_TCR,NA,NA,NA,CATWDSSGWFKIF,TRGV3*00,TRGJP1*00
cell_67,ERR315338_TCR,NA,NA,NA,CATWDRSKKLF,TRGV3*00,TRGJ2*00
cell_68,ERR315338_TCR,NA,NA,NA,CATVKKLF,TRGV2*00,TRGJ2*00
cell_69,ERR315339_TCR,CALGVTGTASKLTF,TRDV1*00,TRAJ44*00,NA,NA,NA
cell_70,ERR315340_TCR,NA,NA,NA,CAAWDYNYKKLF,TRGV10*00,TRGJ2*00
cell_71,ERR315341_TCR,NA,NA,NA,CAAWDYDTTGWFKIF,TRGV10*00,TRGJP1*00
cell_72,ERR315341_TCR,NA,NA,NA,CATWDGLHKKLF,TRGV2*00,TRGJ2*00
cell_73,ERR315341_TCR,NA,NA,NA,CATWTNYYKKLF,TRGV8*00,TRGJ2*00
cell_74,ERR315344_TCR,NA,NA,NA,CAAWDANKKLF,TRGV10*00,TRGJ1*00
cell_75,ERR315345_TCR,CAFSSTGGYGWADKLIF,TRDV3*00,TRDJ1*00,NA,NA,NA
cell_76,ERR315345_TCR,CAMRQSYPTSGTDKLIF,TRAV14/DV4*00,TRDJ1*00,NA,NA,NA
cell_77,ERR315345_TCR,NA,NA,NA,CAAWALYKKLF,TRGV10*00,TRGJ2*00
cell_78,ERR315346_TCR,CALGGSSYVLSLYTDKLIF,TRDV1*00,TRDJ1*00,NA,NA,NA
cell_79,ERR315346_TCR,CALGDLPRPHIRTGGRLYTDKLIF,TRDV1*00,TRDJ1*00,NA,NA,NA
cell_80,ERR315346_TCR,CALGERPLVLRRYGVTDKLIF,TRDV1*00,TRDJ1*00,NA,NA,NA
cell_81,ERR315346_TCR,NA,NA,NA,CAAWGLLNYYKKLF,TRGV10*00,TRGJ2*00
cell_82,ERR315346_TCR,NA,NA,NA,CALWEVRYKKLF,TRGV9*00,TRGJ2*00
cell_83,ERR315346_TCR,NA,NA,NA,CAAWVHGGYYKKLF,TRGV10*00,TRGJ2*00
cell_84,ERR315346_TCR,NA,NA,NA,CAAWDLNYYKKLF,TRGV10*00,TRGJ2*00
cell_85,ERR315347_TCR,CALGELRMDSSYKLIF,TRDV1*00,TRAJ12*00,NA,NA,NA
cell_86,ERR315347_TCR,CACDGVGTDTDKLIF,TRDV2*00,TRDJ1*00,NA,NA,NA
cell_87,ERR315347_TCR,NA,NA,NA,CALWEADYYKKLF,TRGV9*00,TRGJ2*00
cell_88,ERR315347_TCR,NA,NA,NA,CALWEANYYKKLF,TRGV9*00,TRGJ2*00
cell_89,ERR315347_TCR,NA,NA,NA,CATSFPLWNPNYYKKLF,TRGV5*00,TRGJ2*00
cell_90,ERR315349_TCR,NA,NA,NA,CATWDGQKKLF,TRGV2*00,TRGJ2*00
cell_91,ERR315352_TCR,NA,NA,NA,CATWDGYNKKLF,TRGV2*00,TRGJ2*00
cell_92,ERR315353_TCR,CALGPPPPIPRSVGGIRYTDKLIF,TRDV1*00,TRDJ1*00,NA,NA,NA
cell_93,ERR315353_TCR,CAGILGDDKLIF,TRDV1*00,TRDJ1*00,NA,NA,NA
cell_94,ERR315353_TCR,NA,NA,NA,CATWDFIYYKKLF,TRGV2*00,TRGJ2*00
cell_95,ERR315355_TCR,CAFPPLDWGIPYTDKLIF,TRDV3*00,TRDJ1*00,NA,NA,NA
cell_96,ERR315357_TCR,CALGEPPSSGSARQLTF,TRDV1*00,TRAJ22*00,NA,NA,NA
cell_97,ERR315357_TCR,CALGELPLGWGNRYTDKLIF,TRDV1*00,TRDJ1*00,NA,NA,NA
cell_98,ERR315357_TCR,CALGELCFPSLGGRYTDKLIF,TRDV1*00,TRDJ1*00,NA,NA,NA
cell_99,ERR315357_TCR,CALGELPAWGAPEVYTDKLIF,TRDV1*00,TRDJ1*00,NA,NA,NA
cell_100,ERR315357_TCR,CACDPVLGDTRRGSTDKLIF,TRDV2*00,TRDJ1*00,NA,NA,NA
cell_101,ERR315357_TCR,CALGELGPFIIWGLALTAQLFF,TRDV1*00,TRDJ2*00,NA,NA,NA
cell_102,ERR315357_TCR,CALGELGAPSYVNWGIGPGDKLIF,TRDV1*00,TRDJ1*00,NA,NA,NA
cell_103,ERR315357_TCR,CALGEPRPSFLLGDPRVVKLIF,TRDV1*00,TRDJ1*00,NA,NA,NA
cell_104,ERR315357_TCR,CALGEIFPKGPRLGSPDKLIF,TRDV1*00,TRDJ1*00,NA,NA,NA
cell_105,ERR315357_TCR,CACDPVGDKSFLTDKLIF,TRDV2*00,TRDJ1*00,NA,NA,NA
cell_106,ERR315357_TCR,NA,NA,NA,CALWEVRELGKKIKVF,TRGV9*00,TRGJP*00
cell_107,ERR315357_TCR,NA,NA,NA,CATWDTYSSDWIKTF,TRGV8*00,TRGJP2*00
cell_108,ERR315357_TCR,NA,NA,NA,CALWEGYYKKLF,TRGV9*00,TRGJ1*00
cell_109,ERR315357_TCR,NA,NA,NA,CALWEGPGGYYKKLF,TRGV9*00,TRGJ1*00
cell_110,ERR315357_TCR,NA,NA,NA,CATWDFKKLF,TRGV4*00,TRGJ2*00
cell_111,ERR315357_TCR,NA,NA,NA,CATWDRTGWFKIF,TRGV4*00,TRGJP1*00
cell_112,ERR315357_TCR,NA,NA,NA,CATWDGPNYYKKLF,TRGV1*00,TRGJ2*00
cell_113,ERR315359_TCR,NA,NA,NA,CATCYYKKLF,TRGV8*00,TRGJ1*00
cell_114,ERR315360_TCR,CACDHVLGDPYTDKLIF,TRDV2*00,TRDJ1*00,NA,NA,NA
cell_115,ERR315360_TCR,NA,NA,NA,CALWEPSNYYKKLF,TRGV9*00,TRGJ2*00
cell_116,ERR315364_TCR,NA,NA,NA,CALWEPTNYYKKLF,TRGV9*00,TRGJ2*00
cell_117,ERR315364_TCR,NA,NA,NA,CATWDRNGYYKKLF,TRGV3*00,TRGJ2*00
cell_118,ERR315366_TCR,CAMRQSYPTSGTDKLIF,TRAV14/DV4*00,TRDJ1*00,NA,NA,NA
cell_119,ERR315368_TCR,NA,NA,NA,CATWDSKLF,TRGV8*00,TRGJ2*00
cell_120,ERR315368_TCR,NA,NA,NA,CATWDRKMGWFKIF,TRGV8*00,TRGJP1*00
cell_121,ERR315370_TCR,NA,NA,NA,CAAWDKKLF,TRGV10*00,TRGJ2*00
cell_122,ERR315371_TCR,CALGELPLTRTGGYAHKLYTDKLIF,TRDV1*00,TRDJ1*00,NA,NA,NA
cell_123,ERR315371_TCR,CACDSLPMAGGPTQDTDKLIF,TRDV2*00,TRDJ1*00,NA,NA,NA
cell_124,ERR315371_TCR,CACDTVMGDTSWDTRQMFF,TRDV2*00,TRDJ3*00,NA,NA,NA
cell_125,ERR315373_TCR,CALGELPLTRTGGYAHKLYTDKLIF,TRDV1*00,TRDJ1*00,NA,NA,NA
cell_126,ERR315373_TCR,NA,NA,NA,CATWDRHYYKKLF,TRGV8*00,TRGJ1*00
cell_127,ERR315373_TCR,NA,NA,NA,CATWDGRYYKKLF,TRGV2*00,TRGJ2*00
cell_128,ERR315376_TCR,CAALDGPTVSKAWGLPSDKLIF,TRAV38-2/DV8*00,TRDJ1*00,NA,NA,NA
cell_129,ERR315379_TCR,NA,NA,NA,CAAWDYYKKLF,TRGV10*00,TRGJ2*00
cell_130,ERR315379_TCR,NA,NA,NA,CDHWIKTF,TRGV2*00,TRGJP2*00
cell_131,ERR315382_TCR,CACDNWGSSSWDTRQMFF,TRDV2*00,TRDJ3*00,NA,NA,NA
cell_132,ERR315384_TCR,CALGDFYNFNKFYF,TRDV1*00,TRAJ21*00,NA,NA,NA
cell_133,ERR315384_TCR,CAASQVLTPGGSDKLIF,TRAV29/DV5*00,TRDJ1*00,NA,NA,NA
cell_134,ERR315385_TCR,NA,NA,NA,CAACIHKKLF,TRGV10*00,TRGJ2*00
cell_135,ERR315387_TCR,CALGVPGGATNKLIF,TRDV1*00,TRAJ32*00,NA,NA,NA
cell_136,ERR315387_TCR,CALGEHNAGNMLTF,TRDV1*00,TRAJ39*00,NA,NA,NA
cell_137,ERR315387_TCR,CALGNPSGGPPRYADKLIF,TRDV1*00,TRDJ1*00,NA,NA,NA
cell_138,ERR315387_TCR,NA,NA,NA,CATWDGRLKLF,TRGV4*00,TRGJ2*00
cell_139,ERR315387_TCR,NA,NA,NA,CAAWDQFTGYYKKLF,TRGV10*00,TRGJ1*00
cell_140,ERR315387_TCR,NA,NA,NA,CATWDLLDYYKKLF,TRGV2*00,TRGJ2*00
cell_141,ERR315387_TCR,NA,NA,NA,CATWDSPTYYKKLF,TRGV3*00,TRGJ1*00
cell_142,ERR315387_TCR,NA,NA,NA,CATWDRLGKLF,TRGV3*00,TRGJ2*00
cell_143,ERR315387_TCR,NA,NA,NA,CATWDRPHYKKLF,TRGV3*00,TRGJ1*00
cell_144,ERR315387_TCR,NA,NA,NA,CATWDRPVELF,TRGV1*00,TRGJ2*00
cell_145,ERR315387_TCR,NA,NA,NA,CATDKKLF,TRGV7*00,TRGJ2*00
cell_146,ERR315388_TCR,CALGDGPFQAGTALIF,TRDV1*00,TRAJ15*00,NA,NA,NA
cell_147,ERR315388_TCR,NA,NA,NA,CATYRNYYKKLF,TRGV6*00,TRGJ2*00
cell_148,ERR315390_TCR,CALGDENYGGSQGNLIF,TRDV1*00,TRAJ42*00,NA,NA,NA
cell_149,ERR315390_TCR,CACDVVGDTRDTTDKLIF,TRDV2*00,TRDJ1*00,NA,NA,NA
cell_150,ERR315390_TCR,CAATTRQMFF,TRAV23/DV6*00,TRDJ3*00,NA,NA,NA
cell_151,ERR315390_TCR,CAASALPTDWGPRYTDKLIF,TRAV29/DV5*00,TRDJ1*00,NA,NA,NA
cell_152,ERR315390_TCR,NA,NA,NA,CAAWDYGPNYYKKLF,TRGV10*00,TRGJ1*00
cell_153,ERR315390_TCR,NA,NA,NA,CAAWVPGWFKIF,TRGV10*00,TRGJP1*00
cell_154,ERR315390_TCR,NA,NA,NA,CAAWDSIYYKKLF,TRGV10*00,TRGJ1*00
cell_155,ERR315390_TCR,NA,NA,NA,CAAWDWKNYYKKLF,TRGV10*00,TRGJ1*00
cell_156,ERR315390_TCR,NA,NA,NA,CAAAECRYKKLF,TRGV10*00,TRGJ2*00
cell_157,ERR315390_TCR,NA,NA,NA,CAATNYYKKLF,TRGV10*00,TRGJ2*00
cell_158,ERR315390_TCR,NA,NA,NA,CATWDDDYKKLF,TRGV4*00,TRGJ2*00
cell_159,ERR315390_TCR,NA,NA,NA,CATWDGLYYKKLF,TRGV2*00,TRGJ1*00
cell_160,ERR315391_TCR,NA,NA,NA,CATWDSLSSDWIKTF,TRGV4*00,TRGJP2*00
cell_161,ERR315391_TCR,NA,NA,NA,CATWDRLGPYYKKLF,TRGV3*00,TRGJ2*00
cell_162,ERR315393_TCR,CALGEPSYDMRF,TRDV1*00,TRAJ43*00,NA,NA,NA
cell_163,ERR315393_TCR,CALGEEKLVF,TRDV1*00,TRAJ57*00,NA,NA,NA
cell_164,ERR315393_TCR,CACDNLWGSRGGTDKLIF,TRDV2*00,TRDJ1*00,NA,NA,NA
cell_165,ERR315393_TCR,CACDALAPRRPDKLIF,TRDV2*00,TRDJ1*00,NA,NA,NA
cell_166,ERR315393_TCR,CACDTVNGLGGPYTDKLIF,TRDV2*00,TRDJ1*00,NA,NA,NA
cell_167,ERR315393_TCR,NA,NA,NA,CATWDFSGDWIKTF,TRGV2*00,TRGJP2*00
cell_168,ERR315393_TCR,NA,NA,NA,CAAWDWNTTGWFKIF,TRGV10*00,TRGJP1*00
cell_169,ERR315393_TCR,NA,NA,NA,CALWEVRNPKKLF,TRGV9*00,TRGJ2*00
cell_170,ERR315393_TCR,NA,NA,NA,CATWVNYKKLF,TRGV8*00,TRGJ2*00
cell_171,ERR315394_TCR,CALGEHLFLPAAPVRGDKEKLIF,TRDV1*00,TRDJ1*00,NA,NA,NA
cell_172,ERR315394_TCR,NA,NA,NA,CATWEPLNTGWFKIF,TRGV3*00,TRGJP1*00
cell_173,ERR315395_TCR,CACDTVGLGTTYTDKLIF,TRDV2*00,TRDJ1*00,NA,NA,NA
cell_174,ERR315395_TCR,CAAVILLGDTRPYTDKLIF,TRAV29/DV5*00,TRDJ1*00,NA,NA,NA
cell_175,ERR315395_TCR,NA,NA,NA,CALWEVLSELGKKIKVF,TRGV9*00,TRGJP*00
cell_176,ERR315395_TCR,NA,NA,NA,CALWEAPPAKKLF,TRGV9*00,TRGJ1*00
cell_177,ERR315395_TCR,NA,NA,NA,CATWDGLDYYKKLF,TRGV4*00,TRGJ1*00
cell_178,ERR315396_TCR,NA,NA,NA,CAAWDMNYYKKLF,TRGV10*00,TRGJ1*00
cell_179,ERR315401_TCR,NA,NA,NA,CAAWAPLRYKKLF,TRGV10*00,TRGJ1*00
cell_180,ERR315403_TCR,NA,NA,NA,CAAWDWGYYKKLF,TRGV10*00,TRGJ2*00
cell_181,ERR315404_TCR,CALGELPLISYLRIVTDKLIF,TRDV1*00,TRDJ1*00,NA,NA,NA
cell_182,ERR315404_TCR,CALGELSSATRPWGITTKLIF,TRDV1*00,TRDJ1*00,NA,NA,NA
cell_183,ERR315404_TCR,CALGPGRYWGILTAQLFF,TRDV1*00,TRDJ2*00,NA,NA,NA
cell_184,ERR315404_TCR,NA,NA,NA,CAAWDYCPTGWFKIF,TRGV10*00,TRGJP1*00
cell_185,ERR315404_TCR,NA,NA,NA,CAAWDYWYYKKLF,TRGV10*00,TRGJ1*00
cell_186,ERR315404_TCR,NA,NA,NA,CALWEVPNYYKKLF,TRGV9*00,TRGJ2*00
cell_187,ERR315404_TCR,NA,NA,NA,CALWETHKKLF,TRGV9*00,TRGJ2*00
cell_188,ERR315405_TCR,CALGAFRYSYWGTNTDKLIF,TRDV1*00,TRDJ1*00,NA,NA,NA
cell_189,ERR315405_TCR,CALYSYAGVAGGKLIF,TRDV1*00,TRDJ1*00,NA,NA,NA
cell_190,ERR315405_TCR,CALGDPHFYGGYADPYTDKLIF,TRDV1*00,TRDJ1*00,NA,NA,NA
cell_191,ERR315405_TCR,CALGELGLRPYWGPDKLIF,TRDV1*00,TRDJ1*00,NA,NA,NA
cell_192,ERR315405_TCR,CALGEPWKALTYWTRARPLIF,TRDV1*00,TRDJ4*00,NA,NA,NA
cell_193,ERR315405_TCR,CALGAFRYSYWGTNTDQLIF,TRDV1*00,TRDJ1*00,NA,NA,NA
cell_194,ERR315405_TCR,CAFPYFLPLRTGGYISDKLIF,TRDV3*00,TRDJ1*00,NA,NA,NA
cell_195,ERR315405_TCR,CACDTLLLGDTSLTDKLIF,TRDV2*00,TRDJ1*00,NA,NA,NA
cell_196,ERR315405_TCR,NA,NA,NA,CATWDGSHNYSSDWIKTF,TRGV2*00,TRGJP2*00
cell_197,ERR315405_TCR,NA,NA,NA,CATWDGPDDYKKLF,TRGV4*00,TRGJ2*00
cell_198,ERR315405_TCR,NA,NA,NA,CAAWDRKNYYKKLF,TRGV10*00,TRGJ2*00
cell_199,ERR315405_TCR,NA,NA,NA,CALWLYPATYYKKLF,TRGV9*00,TRGJ2*00
cell_200,ERR315405_TCR,NA,NA,NA,CALWEALELGKKIKVF,TRGV9*00,TRGJP*00
cell_201,ERR315405_TCR,NA,NA,NA,CATSVNGVLF,TRGV8*00,TRGJ1*00
cell_202,ERR315405_TCR,NA,NA,NA,CATWDGRGKLF,TRGV4*00,TRGJ2*00
cell_203,ERR315405_TCR,NA,NA,NA,CATWDGVYYKKLF,TRGV4*00,TRGJ1*00
cell_204,ERR315405_TCR,NA,NA,NA,CATWDNWKDYKKLF,TRGV5*00,TRGJ2*00
cell_205,ERR315405_TCR,NA,NA,NA,CATQNYYKKLF,TRGV4*00,TRGJ2*00
cell_206,ERR315406_TCR,CALGVHWSNTDKLIF,TRDV1*00,TRDJ1*00,NA,NA,NA
cell_207,ERR315406_TCR,CALGPGRYWGILTAQLFF,TRDV1*00,TRDJ2*00,NA,NA,NA
cell_208,ERR315406_TCR,NA,NA,NA,CATWALCHKKLF,TRGV5*00,TRGJ2*00
cell_209,ERR315406_TCR,NA,NA,NA,CATWDGGYYKKLF,TRGV4*00,TRGJ2*00
cell_210,ERR315406_TCR,NA,NA,NA,CATWDRRVTTGWFKIF,TRGV3*00,TRGJP1*00
cell_211,ERR315408_TCR,NA,NA,NA,CATWDGRPFANSSDWIKTF,TRGV2*00,TRGJP2*00
cell_212,ERR315408_TCR,NA,NA,NA,CATWDRNGYYKKLF,TRGV3*00,TRGJ2*00
cell_213,ERR315409_TCR,CALGERPSSASKIIF,TRDV1*00,TRAJ3*00,NA,NA,NA
cell_214,ERR315409_TCR,NA,NA,NA,CALWEGRNKKLF,TRGV9*00,TRGJ2*00
cell_215,ERR315410_TCR,NA,NA,NA,CAAPKNYYKKLF,TRGV10*00,TRGJ1*00
cell_216,ERR315411_TCR,CACDTLGVTDDDKLIF,TRDV2*00,TRDJ1*00,NA,NA,NA
cell_217,ERR315412_TCR,CALGPPEVRRRVLGISRWYTDKLIF,TRDV1*00,TRDJ1*00,NA,NA,NA
cell_218,ERR315412_TCR,NA,NA,NA,CAAWAPYYKKLF,TRGV10*00,TRGJ2*00
cell_219,ERR315413_TCR,CASRAIPRSWDTRQMFF,TRAV36/DV7*00,TRDJ3*00,NA,NA,NA
cell_220,ERR315413_TCR,NA,NA,NA,CAAWDSPNYYKKLF,TRGV10*00,TRGJ1*00
cell_221,ERR315413_TCR,NA,NA,NA,CALWEGNYYKKLF,TRGV9*00,TRGJ2*00
cell_222,ERR315413_TCR,NA,NA,NA,CATWDGIYYKKLF,TRGV4*00,TRGJ1*00
cell_223,ERR315413_TCR,NA,NA,NA,CATWDPAIGDWIKTF,TRGV2*00,TRGJP2*00
cell_224,ERR315416_TCR,CALGAFRYSYWGTNTDKLIF,TRDV1*00,TRDJ1*00,NA,NA,NA
cell_225,ERR315416_TCR,CALGATSHYLTGGRFTDKLIF,TRDV1*00,TRDJ1*00,NA,NA,NA
cell_226,ERR315416_TCR,CALGELLPGPFTGGYATGWMKLIF,TRDV1*00,TRDJ1*00,NA,NA,NA
cell_227,ERR315416_TCR,CALGELSPRLGDIYPWEYTDKLIF,TRDV1*00,TRDJ1*00,NA,NA,NA
cell_228,ERR315416_TCR,CALGELGSFPSAYAPSTDKLIF,TRDV1*00,TRDJ1*00,NA,NA,NA
cell_229,ERR315416_TCR,CALGEIHHAKLIF,TRDV1*00,TRDJ1*00,NA,NA,NA
cell_230,ERR315416_TCR,CACDARGYRISDSWDTRQMFF,TRDV2*00,TRDJ3*00,NA,NA,NA
cell_231,ERR315416_TCR,CACDTTPYGGYYYKLIF,TRDV2*00,TRDJ1*00,NA,NA,NA
cell_232,ERR315416_TCR,CACDTLGDIADKLIF,TRDV2*00,TRDJ1*00,NA,NA,NA
cell_233,ERR315416_TCR,CAVPYWGIGGKLIF,TRDV3*00,TRDJ1*00,NA,NA,NA
cell_234,ERR315416_TCR,NA,NA,NA,CATWDGSHNYSSDWIKTF,TRGV2*00,TRGJP2*00
cell_235,ERR315416_TCR,NA,NA,NA,CATWDGPDDYKKLF,TRGV4*00,TRGJ2*00
cell_236,ERR315416_TCR,NA,NA,NA,CAAWVLGNYKKLF,TRGV10*00,TRGJ2*00
cell_237,ERR315416_TCR,NA,NA,NA,CATWDGPVYYKKLF,TRGV2*00,TRGJ2*00
cell_238,ERR315416_TCR,NA,NA,NA,CATWDRPRMDKKLF,TRGV5*00,TRGJ2*00
cell_239,ERR315417_TCR,CALGETSGGGADGLTF,TRDV1*00,TRAJ45*00,NA,NA,NA
cell_240,ERR315418_TCR,CALGELLPTRDTVWIPYTDKLIF,TRDV1*00,TRDJ1*00,NA,NA,NA
cell_241,ERR315418_TCR,NA,NA,NA,CAAWTPKRYKKLF,TRGV10*00,TRGJ2*00
cell_242,ERR315421_TCR,NA,NA,NA,CALCHYYKKLF,TRGV9*00,TRGJ1*00
cell_243,ERR315422_TCR,CACDPVLATDKLIF,TRDV2*00,TRDJ1*00,NA,NA,NA
cell_244,ERR315423_TCR,CALGERPSSASKIIF,TRDV1*00,TRAJ3*00,NA,NA,NA
cell_245,ERR315423_TCR,NA,NA,NA,CALWEGRNKKLF,TRGV9*00,TRGJ2*00
cell_246,ERR315425_TCR,NA,NA,NA,CAAWENYYKKLF,TRGV10*00,TRGJ1*00
cell_247,ERR315426_TCR,CALGEYYGGSNYKLTF,TRDV1*00,TRAJ53*00,NA,NA,NA
cell_248,ERR315426_TCR,CALGVPGGATNKLIF,TRDV1*00,TRAJ32*00,NA,NA,NA
cell_249,ERR315426_TCR,CALGERRDDKIIF,TRDV1*00,TRAJ30*00,NA,NA,NA
cell_250,ERR315426_TCR,CALGIPGGATNKLIF,TRDV1*00,TRAJ32*00,NA,NA,NA
cell_251,ERR315426_TCR,CALGNPSGGPPRYADKLIF,TRDV1*00,TRDJ1*00,NA,NA,NA
cell_252,ERR315426_TCR,CALGVLYPLVGDNTDKLIF,TRDV1*00,TRDJ1*00,NA,NA,NA
cell_253,ERR315426_TCR,CALGELPWSRDSYWGSRSHTDKLIF,TRDV1*00,TRDJ1*00,NA,NA,NA
cell_254,ERR315426_TCR,CAVRPGGYATDKLIF,TRAV21*00,TRDJ1*00,NA,NA,NA
cell_255,ERR315426_TCR,NA,NA,NA,CATWVSGTF,TRGV8*00,TRGJP2*00
cell_256,ERR315426_TCR,NA,NA,NA,CATWDGRLKLF,TRGV4*00,TRGJ2*00
cell_257,ERR315426_TCR,NA,NA,NA,CAAWDSPCTTGWFKIF,TRGV10*00,TRGJP1*00
cell_258,ERR315426_TCR,NA,NA,NA,CAAWGPKKLF,TRGV10*00,TRGJ1*00
cell_259,ERR315426_TCR,NA,NA,NA,CAAYMPALDYYKKLF,TRGV10*00,TRGJ1*00
cell_260,ERR315426_TCR,NA,NA,NA,CAARGAGDYYKKLF,TRGV10*00,TRGJ2*00
cell_261,ERR315426_TCR,NA,NA,NA,CALWAPSYYKKLF,TRGV9*00,TRGJ2*00
cell_262,ERR315426_TCR,NA,NA,NA,CALWEVIYYKKLF,TRGV9*00,TRGJ2*00
cell_263,ERR315426_TCR,NA,NA,NA,CALWEDYVPVHFPNYYKKLF,TRGV9*00,TRGJ1*00
cell_264,ERR315426_TCR,NA,NA,NA,CATFEKKLF,TRGV4*00,TRGJ2*00
cell_265,ERR315426_TCR,NA,NA,NA,CATWDQRGMANYYKKLF,TRGV1*00,TRGJ2*00
cell_266,ERR315426_TCR,NA,NA,NA,CATWDGPPPGWFKIF,TRGV2*00,TRGJP1*00
cell_267,ERR315426_TCR,NA,NA,NA,CATWDGPGSSDWIKTF,TRGV2*00,TRGJP2*00
cell_268,ERR315426_TCR,NA,NA,NA,CATWDTRRYKKLF,TRGV1*00,TRGJ2*00
cell_269,ERR315426_TCR,NA,NA,NA,CATWDRLGKLF,TRGV3*00,TRGJ1*00
cell_270,ERR315427_TCR,CALGELWSNDYKLSF,TRDV1*00,TRAJ20*00,NA,NA,NA
cell_271,ERR315427_TCR,CALGDAGPFLLGTGGYGTDKLIF,TRDV1*00,TRDJ1*00,NA,NA,NA
cell_272,ERR315427_TCR,NA,NA,NA,CATWDCKKLF,TRGV4*00,TRGJ2*00
cell_273,ERR315427_TCR,NA,NA,NA,CATWDGPDYKKLF,TRGV4*00,TRGJ2*00
cell_274,ERR315427_TCR,NA,NA,NA,CATWDGHYKKLF,TRGV2*00,TRGJ2*00
cell_275,ERR315428_TCR,NA,NA,NA,CATWDRAKKLF,TRGV8*00,TRGJ2*00
cell_276,ERR315430_TCR,NA,NA,NA,CATWDGLKGYKKLF,TRGV2*00,TRGJ2*00
cell_277,ERR315432_TCR,CALGGLWSPSQEVLGDTWYTDKLIF,TRDV1*00,TRDJ1*00,NA,NA,NA
cell_278,ERR315432_TCR,CALGEYPLLRYWGRGGYTDKLIF,TRDV1*00,TRDJ1*00,NA,NA,NA
cell_279,ERR315432_TCR,NA,NA,NA,CATWDVDYKKLF,TRGV2*00,TRGJ2*00
cell_280,ERR315433_TCR,NA,NA,NA,CATWDRKMGWFKIF,TRGV8*00,TRGJP1*00
cell_281,ERR315437_TCR,CALGELEGSYYPYWGIRASNDKLIF,TRDV1*00,TRDJ1*00,NA,NA,NA
cell_282,ERR315437_TCR,NA,NA,NA,CATWAVNF,TRGV5*00,TRGJ1*00
cell_283,ERR315437_TCR,NA,NA,NA,CATWDGQFQDKKLF,TRGV4*00,TRGJ1*00
cell_284,ERR315437_TCR,NA,NA,NA,CATWDGPEKLF,TRGV2*00,TRGJ2*00
cell_285,ERR315439_TCR,NA,NA,NA,CALWEFIPPCYKKLF,TRGV9*00,TRGJ1*00
cell_286,ERR315440_TCR,CALGGSTGGFKTIF,TRDV1*00,TRAJ9*00,NA,NA,NA
cell_287,ERR315440_TCR,CALFYNNNDMRF,TRDV1*00,TRAJ43*00,NA,NA,NA
cell_288,ERR315440_TCR,CAPTGGGNKLTF,TRDV1*00,TRAJ10*00,NA,NA,NA
cell_289,ERR315440_TCR,CALGELLASGGFDTDKLIF,TRDV1*00,TRDJ1*00,NA,NA,NA
cell_290,ERR315440_TCR,NA,NA,NA,CAAWDPVHYKKLF,TRGV10*00,TRGJ2*00
cell_291,ERR315440_TCR,NA,NA,NA,CAAWTCSDWIKTF,TRGV10*00,TRGJP2*00
cell_292,ERR315440_TCR,NA,NA,NA,CALWEGYYKKLF,TRGV9*00,TRGJ2*00
cell_293,ERR315440_TCR,NA,NA,NA,CATWVPGPFYYKKLF,TRGV2*00,TRGJ1*00
cell_294,ERR315440_TCR,NA,NA,NA,CATWVCYYKKLF,TRGV3*00,TRGJ2*00
cell_295,ERR315440_TCR,NA,NA,NA,CATWGRPPNYYKKLF,TRGV2*00,TRGJ2*00
cell_296,ERR315440_TCR,NA,NA,NA,CATWDKKLF,TRGV4*00,TRGJ1*00
cell_297,ERR315441_TCR,CASLLLPAGGWIDKLIF,TRDV3*00,TRDJ1*00,NA,NA,NA
cell_298,ERR315441_TCR,CALGELRIGGIRGTRHPYTDKLIF,TRDV1*00,TRDJ1*00,NA,NA,NA
cell_299,ERR315441_TCR,CALGERRSLRASGDRYTDKLIF,TRDV1*00,TRDJ1*00,NA,NA,NA
cell_300,ERR315441_TCR,NA,NA,NA,CAAWDYYKKLF,TRGV10*00,TRGJ2*00
cell_301,ERR315441_TCR,NA,NA,NA,CATWEYYKKLF,TRGV8*00,TRGJ2*00
cell_302,ERR315442_TCR,NA,NA,NA,CAAWDFPNYYKKLF,TRGV10*00,TRGJ1*00
cell_303,ERR315445_TCR,NA,NA,NA,CATWDGQGYKKLF,TRGV2*00,TRGJ2*00
cell_304,ERR315445_TCR,NA,NA,NA,CATWDGFYWIKTF,TRGV2*00,TRGJP2*00
cell_305,ERR315447_TCR,CALGERDGGATNKLIF,TRDV1*00,TRAJ32*00,NA,NA,NA
cell_306,ERR315447_TCR,NA,NA,NA,CAAWDFYKKLF,TRGV10*00,TRGJ1*00
cell_307,ERR315448_TCR,CALGEPPGAGSYQLTF,TRDV1*00,TRAJ28*00,NA,NA,NA
cell_308,ERR315448_TCR,CAFNEFGNEKLTF,TRDV3*00,TRAJ48*00,NA,NA,NA
cell_309,ERR315448_TCR,CALGEGDASVFLGIRVPGINYQFGDKLIF,TRDV1*00,TRDJ1*00,NA,NA,NA
cell_310,ERR315448_TCR,CALGELRRLPSRNITGGHSWDTRQMFF,TRDV1*00,TRDJ3*00,NA,NA,NA
cell_311,ERR315448_TCR,CAFRPGYWGIRYTDKLIF,TRDV3*00,TRDJ1*00,NA,NA,NA
cell_312,ERR315448_TCR,CALGEVSLVLGERTYTDKLIF,TRDV1*00,TRDJ1*00,NA,NA,NA
cell_313,ERR315448_TCR,CALGGGELPLTGGLTLYTDKLIF,TRDV1*00,TRDJ1*00,NA,NA,NA
cell_314,ERR315448_TCR,CALGGTTPAFLILGDYTADKLIF,TRDV1*00,TRDJ1*00,NA,NA,NA
cell_315,ERR315448_TCR,CALGDSRILGIVFPTDKLIF,TRDV1*00,TRDJ1*00,NA,NA,NA
cell_316,ERR315448_TCR,CALGESGPLLYWTSWFDKLIF,TRDV1*00,TRDJ1*00,NA,NA,NA
cell_317,ERR315448_TCR,CALGELALSSVRRGIRALPKLIF,TRDV1*00,TRDJ1*00,NA,NA,NA
cell_318,ERR315448_TCR,CALGELYPWGIGSLLTAQLFF,TRDV1*00,TRDJ2*00,NA,NA,NA
cell_319,ERR315448_TCR,CALGELLVLGGGWLPDKLIF,TRDV1*00,TRDJ1*00,NA,NA,NA
cell_320,ERR315448_TCR,CALGEPGGLGPLLVDTDKLIF,TRDV1*00,TRDJ1*00,NA,NA,NA
cell_321,ERR315448_TCR,CALGTFTSPWIRGTTGADKLIF,TRDV1*00,TRDJ1*00,NA,NA,NA
cell_322,ERR315448_TCR,CALGRCPSWGIRVYLGGKLIF,TRDV1*00,TRDJ1*00,NA,NA,NA
cell_323,ERR315448_TCR,CAFFRTHWGFYTDKLIF,TRDV3*00,TRDJ1*00,NA,NA,NA
cell_324,ERR315448_TCR,CAFRSGFLYPINGHFYKLIF,TRDV3*00,TRDJ1*00,NA,NA,NA
cell_325,ERR315448_TCR,CACDTVGSDLVGEPLTDKLIF,TRDV2*00,TRDJ1*00,NA,NA,NA
cell_326,ERR315448_TCR,CACDTVTTGAIEGTDKLIF,TRDV2*00,TRDJ1*00,NA,NA,NA
cell_327,ERR315448_TCR,CACDTAAPYTDKLIF,TRDV2*00,TRDJ1*00,NA,NA,NA
cell_328,ERR315448_TCR,CACDTIQMGDKPDKLIF,TRDV2*00,TRDJ1*00,NA,NA,NA
cell_329,ERR315448_TCR,NA,NA,NA,CAAWAHKKLF,TRGV10*00,TRGJ2*00
cell_330,ERR315448_TCR,NA,NA,NA,CAAWPRRDYKKLF,TRGV10*00,TRGJ1*00
cell_331,ERR315448_TCR,NA,NA,NA,CALWEVPPYSLGKKIKVF,TRGV9*00,TRGJP*00
cell_332,ERR315448_TCR,NA,NA,NA,CATWDRPGRKKLF,TRGV3*00,TRGJ2*00
cell_333,ERR315448_TCR,NA,NA,NA,CAAWDWGWFKIF,TRGV10*00,TRGJP1*00
cell_334,ERR315448_TCR,NA,NA,NA,CALWFYYKKLF,TRGV9*00,TRGJ2*00
cell_335,ERR315448_TCR,NA,NA,NA,CAAWGYTGWFKIF,TRGV10*00,TRGJP1*00
cell_336,ERR315448_TCR,NA,NA,NA,CAAWVQGWFKIF,TRGV10*00,TRGJP1*00
cell_337,ERR315448_TCR,NA,NA,NA,CAAWDYYYKKLF,TRGV10*00,TRGJ1*00
cell_338,ERR315448_TCR,NA,NA,NA,CAAYACLTHKKLF,TRGV10*00,TRGJ1*00
cell_339,ERR315448_TCR,NA,NA,NA,CALWEVWYKKLF,TRGV9*00,TRGJ2*00
cell_340,ERR315448_TCR,NA,NA,NA,CALWEVRELGKKIKVF,TRGV9*00,TRGJP*00
cell_341,ERR315448_TCR,NA,NA,NA,CALWEVQGARTNYYKKLF,TRGV9*00,TRGJ2*00
cell_342,ERR315448_TCR,NA,NA,NA,CALWEVYKKLF,TRGV9*00,TRGJ2*00
cell_343,ERR315448_TCR,NA,NA,NA,CALWEVNVDYKKLF,TRGV9*00,TRGJ1*00
cell_344,ERR315448_TCR,NA,NA,NA,CALWEQELGKKIKVF,TRGV9*00,TRGJP*00
cell_345,ERR315448_TCR,NA,NA,NA,CALVYMGKKLF,TRGV9*00,TRGJ2*00
cell_346,ERR315448_TCR,NA,NA,NA,CATWVRFYYKKLF,TRGV4*00,TRGJ2*00
cell_347,ERR315448_TCR,NA,NA,NA,CATWANYYKKLF,TRGV8*00,TRGJ2*00
cell_348,ERR315448_TCR,NA,NA,NA,CATWGLNYYKKLF,TRGV4*00,TRGJ2*00
cell_349,ERR315448_TCR,NA,NA,NA,CATWDGGNYYKKLF,TRGV4*00,TRGJ2*00
cell_350,ERR315448_TCR,NA,NA,NA,CATWDGPRYKKLF,TRGV4*00,TRGJ2*00
cell_351,ERR315448_TCR,NA,NA,NA,CATWDGPQYYKKLF,TRGV4*00,TRGJ2*00
cell_352,ERR315448_TCR,NA,NA,NA,CATWDGQGYKKLF,TRGV4*00,TRGJ1*00
cell_353,ERR315448_TCR,NA,NA,NA,CATWDKSPHPPYYKKLF,TRGV4*00,TRGJ2*00
cell_354,ERR315448_TCR,NA,NA,NA,CATWDPPNYKKLF,TRGV8*00,TRGJ2*00
cell_355,ERR315448_TCR,NA,NA,NA,CATWDGQDWIKTF,TRGV2*00,TRGJP2*00
cell_356,ERR315448_TCR,NA,NA,NA,CATWDGEGKLF,TRGV2*00,TRGJ2*00
cell_357,ERR315448_TCR,NA,NA,NA,CATWDGPNYYKKLF,TRGV3*00,TRGJ2*00
cell_358,ERR315448_TCR,NA,NA,NA,CATWDGHYKKLF,TRGV2*00,TRGJ1*00
cell_359,ERR315448_TCR,NA,NA,NA,CATWDSGYYKKLF,TRGV7*00,TRGJ2*00
cell_360,ERR315448_TCR,NA,NA,NA,CATWDRPYGYYKKLF,TRGV5*00,TRGJ2*00
cell_361,ERR315448_TCR,NA,NA,NA,CATWDRRGLF,TRGV3*00,TRGJ2*00
cell_362,ERR315448_TCR,NA,NA,NA,CATWEARYYKKLF,TRGV4*00,TRGJ2*00
cell_363,ERR315448_TCR,NA,NA,NA,CATWEENYYKKLF,TRGV2*00,TRGJ1*00
cell_364,ERR315448_TCR,NA,NA,NA,CATNSGGDYKKLF,TRGV4*00,TRGJ1*00
cell_365,ERR315450_TCR,CALGEPSYAGALTAQLFF,TRDV1*00,TRDJ2*00,NA,NA,NA
cell_366,ERR315450_TCR,NA,NA,NA,CALWEVFYKKLF,TRGV9*00,TRGJ2*00
cell_367,ERR315451_TCR,NA,NA,NA,CATWDGPYYKKLF,TRGV2*00,TRGJ2*00
cell_368,ERR315454_TCR,CALGESEVKAAGNKLTF,TRDV1*00,TRAJ17*00,NA,NA,NA
cell_369,ERR315454_TCR,CALGELDYSYSLLGVNQYTDKLIF,TRDV1*00,TRDJ1*00,NA,NA,NA
cell_370,ERR315454_TCR,NA,NA,NA,CAAWGDYKKLF,TRGV10*00,TRGJ1*00
cell_371,ERR315454_TCR,NA,NA,NA,CAAWDYKMYYKKLF,TRGV10*00,TRGJ2*00
cell_372,ERR315454_TCR,NA,NA,NA,CATWDGWFKIF,TRGV2*00,TRGJP1*00
cell_373,ERR315461_TCR,NA,NA,NA,CATWDGSGNYKKLF,TRGV2*00,TRGJ1*00
cell_374,ERR315461_TCR,NA,NA,NA,CATWDGPRNYKKLF,TRGV2*00,TRGJ2*00
cell_375,ERR315461_TCR,NA,NA,NA,CAKWYYKKLF,TRGV8*00,TRGJ2*00
cell_376,ERR315462_TCR,CALGGLWPSYCWGIPGGFYTDKLIF,TRDV1*00,TRDJ1*00,NA,NA,NA
cell_377,ERR315462_TCR,CAFTGGYLGDKLIF,TRDV3*00,TRDJ1*00,NA,NA,NA
cell_378,ERR315462_TCR,NA,NA,NA,CAAWLPFYYKKLF,TRGV10*00,TRGJ2*00
cell_379,ERR315462_TCR,NA,NA,NA,CALTNYKKLF,TRGV9*00,TRGJ2*00
cell_380,ERR315462_TCR,NA,NA,NA,CATWGPYKKLF,TRGV4*00,TRGJ2*00
cell_381,ERR315463_TCR,CACETVHLRTDKLIF,TRDV2*00,TRDJ1*00,NA,NA,NA
cell_382,ERR315465_TCR,CACDTLGDNRTDKLIF,TRDV2*00,TRDJ1*00,NA,NA,NA
cell_383,ERR315465_TCR,NA,NA,NA,CAAWDQIGTGWFKIF,TRGV10*00,TRGJP1*00
cell_384,ERR315467_TCR,CAYRSGTGGLSRQYTDKLIF,TRAV38-2/DV8*00,TRDJ1*00,NA,NA,NA
cell_385,ERR315467_TCR,NA,NA,NA,CALWEGPIYYKKLF,TRGV9*00,TRGJ2*00
cell_386,ERR315467_TCR,NA,NA,NA,CALWEPRYKKLF,TRGV9*00,TRGJ2*00
cell_387,ERR315467_TCR,NA,NA,NA,CATWDTGYKKLF,TRGV8*00,TRGJ1*00
cell_388,ERR315469_TCR,NA,NA,NA,CAAWENYYKKLF,TRGV10*00,TRGJ1*00
cell_389,ERR315471_TCR,CAFDSGNTPLVF,TRDV3*00,TRAJ29*00,NA,NA,NA
cell_390,ERR315471_TCR,CACAPRPRGGNRKFTF,TRDV2*00,TRAJ59*00,NA,NA,NA
cell_391,ERR315471_TCR,CALGKSPPCWGIQDKLIF,TRDV1*00,TRDJ1*00,NA,NA,NA
cell_392,ERR315471_TCR,NA,NA,NA,CAAWLERRGTGWFKIF,TRGV10*00,TRGJP1*00
cell_393,ERR315471_TCR,NA,NA,NA,CAAWVSSDWIKTF,TRGV10*00,TRGJP2*00
cell_394,ERR315471_TCR,NA,NA,NA,CAAWDFSDWIKTF,TRGV10*00,TRGJP2*00
cell_395,ERR315471_TCR,NA,NA,NA,CAAWDSIYYKKLF,TRGV10*00,TRGJ1*00
cell_396,ERR315471_TCR,NA,NA,NA,CAAWDYRLF,TRGV10*00,TRGJ2*00
cell_397,ERR315471_TCR,NA,NA,NA,CAAWDLSYKKLF,TRGV10*00,TRGJ1*00
cell_398,ERR315471_TCR,NA,NA,NA,CALWQELGKKIKVF,TRGV9*00,TRGJP*00
cell_399,ERR315471_TCR,NA,NA,NA,CATLEKLF,TRGV5*00,TRGJ1*00
cell_400,ERR315471_TCR,NA,NA,NA,CATWVSYYKKLF,TRGV3*00,TRGJ2*00
cell_401,ERR315472_TCR,NA,NA,NA,CALWGNYKKLF,TRGV9*00,TRGJ2*00
cell_402,ERR315472_TCR,NA,NA,NA,CATWDGQDYKKLF,TRGV4*00,TRGJ1*00
cell_403,ERR315473_TCR,CALGAPPGHSYRYRYTDKLIF,TRDV1*00,TRDJ1*00,NA,NA,NA
cell_404,ERR315473_TCR,CALGELWGGFPGAYTDKLIF,TRDV1*00,TRDJ1*00,NA,NA,NA
cell_405,ERR315473_TCR,CALGEQWKVPAFGYAGDKLIF,TRDV1*00,TRDJ1*00,NA,NA,NA
cell_406,ERR315473_TCR,CALRYGAGSWAQLFF,TRDV1*00,TRDJ2*00,NA,NA,NA
cell_407,ERR315473_TCR,CACDALLGDNSGDKLIF,TRDV2*00,TRDJ1*00,NA,NA,NA
cell_408,ERR315473_TCR,CACDSVLGDTTWDTRQMFF,TRDV2*00,TRDJ3*00,NA,NA,NA
cell_409,ERR315473_TCR,CACESLPPLTGGERTDKLIF,TRDV2*00,TRDJ1*00,NA,NA,NA
cell_410,ERR315473_TCR,NA,NA,NA,CALWEVSEESGKKIKVF,TRGV9*00,TRGJP*00
cell_411,ERR315473_TCR,NA,NA,NA,CALWERKLF,TRGV9*00,TRGJ2*00
cell_412,ERR315473_TCR,NA,NA,NA,CATWLKNYYKKLF,TRGV8*00,TRGJ2*00
cell_413,ERR315473_TCR,NA,NA,NA,CATWDGPPHKKLF,TRGV2*00,TRGJ2*00
cell_414,ERR315474_TCR,NA,NA,NA,CAAWDHTTGWFKIF,TRGV10*00,TRGJP1*00
cell_415,ERR315474_TCR,NA,NA,NA,CAAWEHRHYYKKLF,TRGV10*00,TRGJ2*00
cell_416,ERR315474_TCR,NA,NA,NA,CALWEVKIYYKKLF,TRGV9*00,TRGJ2*00
cell_417,ERR315474_TCR,NA,NA,NA,CATWDVVGLF,TRGV8*00,TRGJ1*00
cell_418,ERR315474_TCR,NA,NA,NA,CATWDGQKKLF,TRGV2*00,TRGJ1*00
cell_419,ERR315475_TCR,CALGVPGGATNKLIF,TRDV1*00,TRAJ32*00,NA,NA,NA
cell_420,ERR315475_TCR,CALGAFSGSARQLTF,TRDV1*00,TRAJ22*00,NA,NA,NA
cell_421,ERR315475_TCR,CALGGILTSGTYKYIF,TRDV1*00,TRAJ40*00,NA,NA,NA
cell_422,ERR315475_TCR,CALGEHNAGNMLTF,TRDV1*00,TRAJ39*00,NA,NA,NA
cell_423,ERR315475_TCR,CALGNPSGGPPRYADKLIF,TRDV1*00,TRDJ1*00,NA,NA,NA
cell_424,ERR315475_TCR,NA,NA,NA,CATWVSGTF,TRGV8*00,TRGJP2*00
cell_425,ERR315475_TCR,NA,NA,NA,CAAWDYRNYYKKLF,TRGV10*00,TRGJ2*00
cell_426,ERR315475_TCR,NA,NA,NA,CALWEAYYKKLF,TRGV9*00,TRGJ2*00
cell_427,ERR315475_TCR,NA,NA,NA,CATWDRLGKLF,TRGV3*00,TRGJ1*00
cell_428,ERR315475_TCR,NA,NA,NA,CAAWGRLF,TRGV10*00,TRGJ1*00
cell_429,ERR315475_TCR,NA,NA,NA,CAAWDYYKKLF,TRGV10*00,TRGJ1*00
cell_430,ERR315475_TCR,NA,NA,NA,CAAWDPDPGFYYKKLF,TRGV10*00,TRGJ2*00
cell_431,ERR315475_TCR,NA,NA,NA,CAAYMPALDYYKKLF,TRGV10*00,TRGJ2*00
cell_432,ERR315475_TCR,NA,NA,NA,CALWEVIYYKKLF,TRGV9*00,TRGJ2*00
cell_433,ERR315475_TCR,NA,NA,NA,CATWDESDWIKTF,TRGV8*00,TRGJP2*00
cell_434,ERR315475_TCR,NA,NA,NA,CATWDRPNYYKKLF,TRGV5*00,TRGJ2*00
cell_435,ERR315478_TCR,NA,NA,NA,CAAWVYYKKLF,TRGV10*00,TRGJ1*00
cell_436,ERR315478_TCR,NA,NA,NA,CAAWDYKKLF,TRGV10*00,TRGJ1*00
cell_437,ERR315478_TCR,NA,NA,NA,CAPRGKKLF,TRGV9*00,TRGJ1*00
cell_438,ERR315478_TCR,NA,NA,NA,CATWDVSFKKLF,TRGV4*00,TRGJ2*00
cell_439,ERR315480_TCR,CALGELRMDSSYKLIF,TRDV1*00,TRAJ12*00,NA,NA,NA
cell_440,ERR315480_TCR,CACDALLGDRYTDKLIF,TRDV2*00,TRDJ1*00,NA,NA,NA
cell_441,ERR315480_TCR,CACDGVGTDTDKLIF,TRDV2*00,TRDJ1*00,NA,NA,NA
cell_442,ERR315480_TCR,NA,NA,NA,CATWDRNYYKKLF,TRGV8*00,TRGJ2*00
cell_443,ERR315481_TCR,CALGELDDMRF,TRDV1*00,TRAJ43*00,NA,NA,NA
cell_444,ERR315481_TCR,NA,NA,NA,CAAWDRGDYKKLF,TRGV10*00,TRGJ2*00
cell_445,ERR315481_TCR,NA,NA,NA,CAAWDTGWFKIF,TRGV10*00,TRGJP1*00
cell_446,ERR315482_TCR,CALGELGILRGVWGIYNTDKLIF,TRDV1*00,TRDJ1*00,NA,NA,NA
cell_447,ERR315482_TCR,NA,NA,NA,CALWEVLPELGKKIKVF,TRGV9*00,TRGJP*00
cell_448,ERR315482_TCR,NA,NA,NA,CATWGKKLF,TRGV5P*00,TRGJ2*00
cell_449,ERR315483_TCR,NA,NA,NA,CAAWDSSSELF,TRGV10*00,TRGJ2*00
cell_450,ERR315483_TCR,NA,NA,NA,CAAWDYEEKLF,TRGV10*00,TRGJ1*00
cell_451,ERR315483_TCR,NA,NA,NA,CALWEVPSNYYKKLF,TRGV9*00,TRGJ1*00
cell_452,ERR315487_TCR,CALGPPPPIPRSVGGIRYTDKLIF,TRDV1*00,TRDJ1*00,NA,NA,NA
cell_453,ERR315487_TCR,CALGELKCAFPGDTPDKLIF,TRDV1*00,TRDJ1*00,NA,NA,NA
cell_454,ERR315487_TCR,CALGERGFTYWMVLGDTLTDKLIF,TRDV1*00,TRDJ1*00,NA,NA,NA
cell_455,ERR315487_TCR,NA,NA,NA,CATWDSNYYKKLF,TRGV8*00,TRGJ2*00
cell_456,ERR315487_TCR,NA,NA,NA,CAAWGFYYKKLF,TRGV10*00,TRGJ2*00
cell_457,ERR315488_TCR,CALGQTDSWGKLQF,TRDV1*00,TRAJ24*00,NA,NA,NA
cell_458,ERR315488_TCR,CALGEVPQGAQKLVF,TRDV1*00,TRAJ54*00,NA,NA,NA
cell_459,ERR315488_TCR,CALGERNRPRNRGIRWGKLIF,TRDV1*00,TRDJ1*00,NA,NA,NA
cell_460,ERR315488_TCR,NA,NA,NA,CAAWDKKLF,TRGV10*00,TRGJ2*00
cell_461,ERR315488_TCR,NA,NA,NA,CATWPDYYKKLF,TRGV4*00,TRGJ2*00
cell_462,ERR315488_TCR,NA,NA,NA,CATWDRSDWIKTF,TRGV8*00,TRGJP2*00
cell_463,ERR315491_TCR,NA,NA,NA,CAAWDYEEKLF,TRGV10*00,TRGJ2*00
cell_464,ERR315491_TCR,NA,NA,NA,CATKLF,TRGV2*00,TRGJ2*00
cell_465,ERR315492_TCR,CAYRQVFLNMYTDKLIF,TRAV38-2/DV8*00,TRDJ1*00,NA,NA,NA
cell_466,ERR315492_TCR,CALIRLPYTDKLIF,TRDV1*00,TRDJ1*00,NA,NA,NA
cell_467,ERR315492_TCR,CALGEPLPPPNRYWGRLPYTDKLIF,TRDV1*00,TRDJ1*00,NA,NA,NA
cell_468,ERR315492_TCR,CALGERSQYPPWWGTDKLIF,TRDV1*00,TRDJ1*00,NA,NA,NA
cell_469,ERR315492_TCR,CALGDPDPKTHTDKLIF,TRDV1*00,TRDJ1*00,NA,NA,NA
cell_470,ERR315492_TCR,CALGDLIPCTGGWRYTDKLIF,TRDV1*00,TRDJ1*00,NA,NA,NA
cell_471,ERR315492_TCR,CALGELGLLRWGIRPLTAQLFF,TRDV1*00,TRDJ2*00,NA,NA,NA
cell_472,ERR315492_TCR,CALGEPLPFYTGGYWGKLIF,TRDV1*00,TRDJ1*00,NA,NA,NA
cell_473,ERR315492_TCR,CALGEPTPSYSGGYPRLDKLIF,TRDV1*00,TRDJ1*00,NA,NA,NA
cell_474,ERR315492_TCR,CAFGTGGLDTDKLIF,TRDV3*00,TRDJ1*00,NA,NA,NA
cell_475,ERR315492_TCR,CPLGDLIPCTGGWRYTDKLIF,TRDV1*00,TRDJ1*00,NA,NA,NA
cell_476,ERR315492_TCR,CAYRRRGSAVLGVWYTDKLIF,TRAV38-2/DV8*00,TRDJ1*00,NA,NA,NA
cell_477,ERR315492_TCR,CALGLGVLSPRRYTDKLIF,TRDV1*00,TRDJ1*00,NA,NA,NA
cell_478,ERR315492_TCR,CALGSRPSQYWGIRKLIF,TRDV1*00,TRDJ1*00,NA,NA,NA
cell_479,ERR315492_TCR,CALGLIVLGDTPNTDKLIF,TRDV1*00,TRDJ1*00,NA,NA,NA
cell_480,ERR315492_TCR,CALGDSYYYWGRTDKLIF,TRDV1*00,TRDJ1*00,NA,NA,NA
cell_481,ERR315492_TCR,CALGDPGGVSRTGGYRVDTDKLIF,TRDV1*00,TRDJ1*00,NA,NA,NA
cell_482,ERR315492_TCR,CALGDPSPSGIRFPYTDKLIF,TRDV1*00,TRDJ1*00,NA,NA,NA
cell_483,ERR315492_TCR,CALGDTRPSYFRGIGTDKLIF,TRDV1*00,TRDJ1*00,NA,NA,NA
cell_484,ERR315492_TCR,CALGEVTREGRFLYPYTDKLIF,TRDV1*00,TRDJ1*00,NA,NA,NA
cell_485,ERR315492_TCR,CALGELRLGRGPRGDKLIF,TRDV1*00,TRDJ1*00,NA,NA,NA
cell_486,ERR315492_TCR,CALGELDPRGIHTDKLIF,TRDV1*00,TRDJ1*00,NA,NA,NA
cell_487,ERR315492_TCR,CALGELDPPRIRTDKLIF,TRDV1*00,TRDJ1*00,NA,NA,NA
cell_488,ERR315492_TCR,CALGEPARGSWGKSLWYTDKLIF,TRDV1*00,TRDJ1*00,NA,NA,NA
cell_489,ERR315492_TCR,CALGEPTHWGINKLIF,TRDV1*00,TRDJ1*00,NA,NA,NA
cell_490,ERR315492_TCR,CALGEISVYRYTDKLIF,TRDV1*00,TRDJ1*00,NA,NA,NA
cell_491,ERR315492_TCR,CALGEKTPLTYTDKLIF,TRDV1*00,TRDJ1*00,NA,NA,NA
cell_492,ERR315492_TCR,CALGKAYWGTHAKLIF,TRDV1*00,TRDJ1*00,NA,NA,NA
cell_493,ERR315492_TCR,CASSLPTDYWGGFVPHTDKLIF,TRDV3*00,TRDJ1*00,NA,NA,NA
cell_494,ERR315492_TCR,CACDTVGGGSTGTWDTRQMFF,TRDV2*00,TRDJ3*00,NA,NA,NA
cell_495,ERR315492_TCR,CAARPPRRDPTRPYKLIF,TRAV29/DV5*00,TRDJ1*00,NA,NA,NA
cell_496,ERR315492_TCR,NA,NA,NA,CAAWALGPKKLF,TRGV10*00,TRGJ2*00
cell_497,ERR315492_TCR,NA,NA,NA,CALWERDYYKKLF,TRGV9*00,TRGJ2*00
cell_498,ERR315492_TCR,NA,NA,NA,CALWEVFKKLF,TRGV9*00,TRGJ2*00
cell_499,ERR315492_TCR,NA,NA,NA,CATWDSGSGADFYKKLF,TRGV4*00,TRGJ2*00
cell_500,ERR315492_TCR,NA,NA,NA,CATWDRPYKKLF,TRGV8*00,TRGJ2*00
cell_501,ERR315492_TCR,NA,NA,NA,CAAWVHYYKKLF,TRGV10*00,TRGJ2*00
cell_502,ERR315492_TCR,NA,NA,NA,CAAWAPRGNYYKKLF,TRGV10*00,TRGJ2*00
cell_503,ERR315492_TCR,NA,NA,NA,CAAWDTHLPKKLF,TRGV10*00,TRGJ2*00
cell_504,ERR315492_TCR,NA,NA,NA,CALWEVGHYYKKLF,TRGV9*00,TRGJ2*00
cell_505,ERR315492_TCR,NA,NA,NA,CALWEAKELGKKIKVF,TRGV9*00,TRGJP*00
cell_506,ERR315492_TCR,NA,NA,NA,CALWEEKRPLYYKKLF,TRGV9*00,TRGJ2*00
cell_507,ERR315492_TCR,NA,NA,NA,CALMIKKLF,TRGV9*00,TRGJ2*00
cell_508,ERR315492_TCR,NA,NA,NA,CATWSRNYYKKLF,TRGV2*00,TRGJ2*00
cell_509,ERR315492_TCR,NA,NA,NA,CATWGKKKLF,TRGV3*00,TRGJ2*00
cell_510,ERR315492_TCR,NA,NA,NA,CATWDRYYYKKLF,TRGV4*00,TRGJ2*00
cell_511,ERR315492_TCR,NA,NA,NA,CATWDGPSWDYYKKLF,TRGV8*00,TRGJ2*00
cell_512,ERR315492_TCR,NA,NA,NA,CATWDGNYYKKLF,TRGV4*00,TRGJ1*00
cell_513,ERR315492_TCR,NA,NA,NA,CATWDGPHKKLF,TRGV4*00,TRGJ2*00
cell_514,ERR315492_TCR,NA,NA,NA,CATWDSLHYYKKLF,TRGV8*00,TRGJ1*00
cell_515,ERR315492_TCR,NA,NA,NA,CATWDGPWIYYKKLF,TRGV2*00,TRGJ1*00
cell_516,ERR315492_TCR,NA,NA,NA,CATWDGQGGWFKIF,TRGV2*00,TRGJP1*00
cell_517,ERR315492_TCR,NA,NA,NA,CATWDGNYYKKLF,TRGV2*00,TRGJ2*00
cell_518,ERR315492_TCR,NA,NA,NA,CATWDRPNKKLF,TRGV1*00,TRGJ2*00
cell_519,ERR315492_TCR,NA,NA,NA,CATWMRFNYYKKLF,TRGV3*00,TRGJ2*00
cell_520,ERR315492_TCR,NA,NA,NA,CATWKVNYYKKLF,TRGV8*00,TRGJ1*00
cell_521,ERR315493_TCR,CALGERGTGTASKLTF,TRDV1*00,TRAJ44*00,NA,NA,NA
cell_522,ERR315493_TCR,CALGERNGGSQGNLIF,TRDV1*00,TRAJ42*00,NA,NA,NA
cell_523,ERR315493_TCR,CALGETPTWGDKLIF,TRDV1*00,TRDJ1*00,NA,NA,NA
cell_524,ERR315493_TCR,CASLLLPAGGWIDKLIF,TRDV3*00,TRDJ1*00,NA,NA,NA
cell_525,ERR315493_TCR,NA,NA,NA,CAAWDRGHTGWFKIF,TRGV10*00,TRGJP1*00
cell_526,ERR315493_TCR,NA,NA,NA,CALCQDYYKKLF,TRGV9*00,TRGJ2*00
cell_527,ERR315493_TCR,NA,NA,NA,CALWAYYKKLF,TRGV9*00,TRGJ2*00
cell_528,ERR315493_TCR,NA,NA,NA,CALWEVQGNYYKKLF,TRGV9*00,TRGJ1*00
cell_529,ERR315493_TCR,NA,NA,NA,CATWGRLKDYYKKLF,TRGV5P*00,TRGJ2*00
cell_530,ERR315493_TCR,NA,NA,NA,CATWDGPYYKKLF,TRGV3*00,TRGJ2*00
cell_531,ERR315493_TCR,NA,NA,NA,CATWDGRTDWIKTF,TRGV2*00,TRGJP2*00
cell_532,ERR315493_TCR,NA,NA,NA,CATWDRYGLF,TRGV7*00,TRGJ2*00
cell_533,ERR315493_TCR,NA,NA,NA,CATGFKIF,TRGV8*00,TRGJP1*00